{"fs.pipeline.control_volume.flow_mass[*,1.0]": [553003.1393240632, 535472.4292275416], "fs.pipeline.control_volume.pressure[*,0]": [58.905880452751845, 58.92036532907178]}